p_gamh , p_gamc , p_leispref , p_leisureprefbad, p_fixcost , p_beta , p_bequest , obj
   0.72831,  11.12269,3955.07910, 685.71960, 919.68996,   1.01616,   0.03375,3537.95785
