p_gamh , p_gamc , p_leispref , p_leisureprefbad, p_fixcost , p_beta , p_bequest , obj
   0.65718,  24.84736,3911.45968, 651.90196, 724.52364,   0.80060,   0.02185,2474.55820
