p_gamh , p_gamc , p_leispref , p_leisureprefbad, p_fixcost , p_beta , p_bequest , obj
   0.61442,   9.14799,4133.80567, 481.00941, 969.92928,   0.99564,   0.06639,2324.65509
