p_gamh , p_gamc , p_leispref , p_leisureprefbad, p_fixcost , p_beta , p_bequest , obj
   0.64577,  11.62429,3639.10951, 326.38726, 593.79093,   1.05102,   0.03908,3156.39719
