p_gamh , p_gamc , p_leispref , p_leisureprefbad, p_fixcost , p_beta , p_bequest , obj
   0.60157,  12.56300,4011.53090, 419.35791, 800.71918,   0.97245,   0.03342,2326.47911
