p_gamh , p_gamc , p_leispref , p_leisureprefbad, p_fixcost , p_beta , p_bequest , obj
   0.62822,   9.60420,3573.64583, 308.06185, 278.55639,   1.03132,   0.03602,9452.71042
