p_gamh , p_gamc , p_leispref , p_leisureprefbad, p_fixcost , p_beta , p_bequest , obj
   0.60897,  13.14415,3842.21107, 544.57547, 626.07383,   0.94740,   0.03142,2217.03780
