p_gamh , p_gamc , p_leispref , p_leisureprefbad, p_fixcost , p_beta , p_bequest , obj
   0.60393,   9.18802,4054.41588, 445.25326, 782.08934,   0.97303,   0.04593,2224.93808
