p_gamh , p_gamc , p_leispref , p_leisureprefbad, p_fixcost , p_beta , p_bequest , obj
   0.61659,  11.14572,3639.72882, 667.90637, 300.00133,   0.99139,   0.02748,3690.33825
