p_gamh , p_gamc , p_leispref , p_leisureprefbad, p_fixcost , p_beta , p_bequest , obj
   0.62724,  12.69022,3438.64107, 597.27615, 473.10697,   0.99597,   0.09578, 598.66574
